variant,data_source,focus_parameter,num_reps,img_w,img_h,n_subapertures,avg_ms,median_ms,min_ms,max_ms,avg_cycles,median_cycles,min_cycles,max_cycles,cycles_per_pixel,mpixels_s,membw_gbs,avg_cache_refs,avg_cache_misses,cache_miss_rate,avg_branch_instr,avg_branch_misses,branch_miss_rate,avg_instructions,ipc
real_data1_perf,generated 128*128,3.234000,10,128,128,289,52.075585,52.081765,52.023196,52.127166,125985081,126000031,125858337,126109869,7689.519104,0.314620,0.272775,205945.900000,52831.300000,0.256530,14075556.200000,37137.400000,0.002638,437560407.300000,3.473113
real_data1_perf,generated 128*128,3.234000,10,128,128,289,52.078765,52.068446,52.025820,52.146438,125995671,125970708,125867580,126159396,7690.165466,0.314600,0.272759,204637.600000,51596.100000,0.252134,14075555.500000,37135.500000,0.002638,437560406.600000,3.472821
