variant,data_source,focus_parameter,num_reps,img_w,img_h,n_subapertures,avg_ms,median_ms,min_ms,max_ms,avg_cycles,median_cycles,min_cycles,max_cycles,cycles_per_pixel,mpixels_s,membw_gbs,avg_cache_misses,avg_instructions,ipc
real_data1_perf,real,3.234000,10,1024,512,289,3612.570619,3612.848510,3611.036681,3613.617642,8739515874,8740188147,8735804979,8742048828,16669.303654,0.145129,0.125827,6865357.100000,15389126879.600000,1.760867
real_data1_perf,generated 128*128,3.234000,10,128,128,289,108.998183,108.997812,108.874797,109.106866,263694603,263693706,263396102,263957536,16094.641296,0.150314,0.130323,156298.400000,527120102.200000,1.998979
real_data1_perf,generated 128*128,3.234000,10,128,128,289,109.672621,109.689211,109.299016,109.779640,265325970,265366107,264422125,265584877,16194.212036,0.149390,0.129521,202224.900000,684021831.100000,2.578043
real_data1_perf,generated 128*128,3.234000,10,128,128,289,109.921704,109.915614,109.883787,109.973112,265943046,265928312,265851312,266067422,16231.875366,0.149052,0.129228,207590.600000,684021865.700000,2.572061
real_data1_perf,generated 128*128,3.234000,10,128,128,289,111.110520,110.492322,110.004363,113.969025,268815468,267319829,266139285,275731198,16407.194092,0.147457,0.127845,203945.700000,684021872.500000,2.544578
real_data1_perf,generated 128*128,3.234000,10,128,128,289,52.087437,52.089857,52.029516,52.166559,126014266,126020121,125874139,126205684,7691.300415,0.314548,0.272713,204032.200000,46332.600000,0.227085,14075556.700000,37132.300000,0.002638,437560407.800000,3.472309
